[{"pk": 1, "model": "cms.placeholder", "fields": {"slot": "page_content", "default_width": null}}, {"pk": 2, "model": "cms.placeholder", "fields": {"slot": "home_content", "default_width": null}}, {"pk": 3, "model": "cms.placeholder", "fields": {"slot": "home_content", "default_width": null}}, {"pk": 4, "model": "cms.placeholder", "fields": {"slot": "page_content", "default_width": null}}, {"pk": 5, "model": "cms.placeholder", "fields": {"slot": "home_content", "default_width": null}}, {"pk": 6, "model": "cms.placeholder", "fields": {"slot": "page_content", "default_width": null}}, {"pk": 7, "model": "cms.placeholder", "fields": {"slot": "home_content", "default_width": null}}, {"pk": 8, "model": "cms.placeholder", "fields": {"slot": "page_content", "default_width": null}}, {"pk": 9, "model": "cms.placeholder", "fields": {"slot": "about_us_header_text", "default_width": null}}, {"pk": 10, "model": "cms.placeholder", "fields": {"slot": "home_content", "default_width": null}}, {"pk": 11, "model": "cms.placeholder", "fields": {"slot": "page_content", "default_width": null}}, {"pk": 12, "model": "cms.placeholder", "fields": {"slot": "about_us_header_text", "default_width": null}}, {"pk": 13, "model": "cms.placeholder", "fields": {"slot": "page_content", "default_width": null}}, {"pk": 14, "model": "cms.placeholder", "fields": {"slot": "page_content", "default_width": null}}, {"pk": 1, "model": "cms.page", "fields": {"rght": 2, "navigation_extenders": "", "site": 1, "creation_date": "2011-01-02 15:04:36", "lft": 1, "in_navigation": true, "reverse_id": "marketing_site_home", "login_required": false, "created_by": "skoczen", "publication_end_date": null, "moderator_state": 0, "template": "marketing_site/home.html", "tree_id": 1, "placeholders": [2], "limit_visibility_in_menu": null, "parent": null, "publisher_state": 1, "soft_root": false, "publication_date": "2011-01-02 15:05:53", "publisher_public": null, "level": 0, "changed_by": "skoczen", "publisher_is_draft": true, "published": true}}, {"pk": 2, "model": "cms.page", "fields": {"rght": 2, "navigation_extenders": "", "site": 1, "creation_date": "2011-01-02 15:05:00", "lft": 1, "in_navigation": true, "reverse_id": null, "login_required": false, "created_by": "skoczen", "publication_end_date": null, "moderator_state": 0, "template": "marketing_site/normal_page.html", "tree_id": 2, "placeholders": [1], "limit_visibility_in_menu": null, "parent": null, "publisher_state": 1, "soft_root": false, "publication_date": "2011-01-02 15:05:52", "publisher_public": null, "level": 0, "changed_by": "skoczen", "publisher_is_draft": true, "published": true}}, {"pk": 3, "model": "cms.page", "fields": {"rght": 2, "navigation_extenders": "", "site": 1, "creation_date": "2011-01-02 15:05:10", "lft": 1, "in_navigation": true, "reverse_id": null, "login_required": false, "created_by": "skoczen", "publication_end_date": null, "moderator_state": 0, "template": "marketing_site/about_us.html", "tree_id": 3, "placeholders": [3, 4, 9], "limit_visibility_in_menu": null, "parent": null, "publisher_state": 1, "soft_root": false, "publication_date": "2011-01-02 15:05:51", "publisher_public": null, "level": 0, "changed_by": "skoczen", "publisher_is_draft": true, "published": true}}, {"pk": 4, "model": "cms.page", "fields": {"rght": 2, "navigation_extenders": "", "site": 1, "creation_date": "2011-01-02 15:05:23", "lft": 1, "in_navigation": true, "reverse_id": null, "login_required": false, "created_by": "skoczen", "publication_end_date": null, "moderator_state": 0, "template": "marketing_site/normal_page.html", "tree_id": 4, "placeholders": [5, 6], "limit_visibility_in_menu": null, "parent": null, "publisher_state": 1, "soft_root": false, "publication_date": "2011-01-02 15:05:49", "publisher_public": null, "level": 0, "changed_by": "skoczen", "publisher_is_draft": true, "published": true}}, {"pk": 5, "model": "cms.page", "fields": {"rght": 2, "navigation_extenders": "", "site": 1, "creation_date": "2011-01-02 15:05:35", "lft": 1, "in_navigation": true, "reverse_id": null, "login_required": false, "created_by": "skoczen", "publication_end_date": null, "moderator_state": 0, "template": "marketing_site/normal_page.html", "tree_id": 5, "placeholders": [7, 8], "limit_visibility_in_menu": null, "parent": null, "publisher_state": 1, "soft_root": false, "publication_date": "2011-01-02 15:05:48", "publisher_public": null, "level": 0, "changed_by": "skoczen", "publisher_is_draft": true, "published": true}}, {"pk": 3, "model": "cms.cmsplugin", "fields": {"rght": 2, "parent": null, "language": "en", "level": 0, "creation_date": "2011-01-02 20:06:50", "lft": 1, "tree_id": 3, "position": 0, "placeholder": 8, "plugin_type": "TextPlugin"}}, {"pk": 4, "model": "cms.cmsplugin", "fields": {"rght": 2, "parent": null, "language": "en", "level": 0, "creation_date": "2011-01-03 00:58:31", "lft": 1, "tree_id": 4, "position": 0, "placeholder": 9, "plugin_type": "TextPlugin"}}, {"pk": 1, "model": "cms.cmsplugin", "fields": {"rght": 2, "parent": null, "language": "en", "level": 0, "creation_date": "2011-01-02 15:14:29", "lft": 1, "tree_id": 1, "position": 0, "placeholder": 1, "plugin_type": "TextPlugin"}}, {"pk": 2, "model": "cms.cmsplugin", "fields": {"rght": 2, "parent": null, "language": "en", "level": 0, "creation_date": "2011-01-02 15:41:35", "lft": 1, "tree_id": 2, "position": 0, "placeholder": 2, "plugin_type": "TextPlugin"}}, {"pk": 4, "model": "cms.title", "fields": {"menu_title": "", "redirect": "", "meta_keywords": "", "page_title": "", "language": "en", "title": "Blog", "has_url_overwrite": false, "application_urls": "", "creation_date": "2011-01-02 15:05:23", "page": 4, "path": "blog", "meta_description": "", "slug": "blog"}}, {"pk": 5, "model": "cms.title", "fields": {"menu_title": "", "redirect": "", "meta_keywords": "", "page_title": "", "language": "en", "title": "Contact", "has_url_overwrite": false, "application_urls": "", "creation_date": "2011-01-02 15:05:35", "page": 5, "path": "contact", "meta_description": "", "slug": "contact"}}, {"pk": 3, "model": "cms.title", "fields": {"menu_title": "", "redirect": "", "meta_keywords": "", "page_title": "", "language": "en", "title": "About Us", "has_url_overwrite": false, "application_urls": "", "creation_date": "2011-01-02 15:05:10", "page": 3, "path": "about-us", "meta_description": "", "slug": "about-us"}}, {"pk": 1, "model": "cms.title", "fields": {"menu_title": "", "redirect": "", "meta_keywords": "", "page_title": "Home", "language": "en", "title": "Home", "has_url_overwrite": false, "application_urls": "", "creation_date": "2011-01-02 15:04:36", "page": 1, "path": "home", "meta_description": "", "slug": "home"}}, {"pk": 2, "model": "cms.title", "fields": {"menu_title": "", "redirect": "", "meta_keywords": "", "page_title": "Our Mission", "language": "en", "title": "Mission", "has_url_overwrite": false, "application_urls": "", "creation_date": "2011-01-02 15:05:00", "page": 2, "path": "mission", "meta_description": "The mission of GoodCloud is to provide the best software in the world for non-profits.", "slug": "mission"}}, {"pk": 1, "model": "marketing_site.goodcloudemployee", "fields": {"picture": "goodcloud_people/face2.jpg", "bio": "Steven started building web applications back in the 90's, and hasn't stopped since. He's run a <a href=\"http://www.quantumimagery.com\"/>successful web development company</a>, and started <a href=\"http://www.sixlinks.org\">SixLinks.org</a> and <a href=\"http://www.fluidtask.com\">Fluidtask</a>.  Over the years, he's also thrown his development behind a number of other organizations on a pro-bono basis.\r\n\r\n<br/><br/>\r\nWhen not typing into a glowing white screen, he facilitates writing workshops for <a href=\"http://www.writearound.org\"/>Write Around Portland</a>, spends time in his studio, or finds some space in the nearby Oregon woods for he and Tomo, the world's greatest dog.", "created_at": "2011-01-02 16:33:15", "modified_at": "2011-01-02 22:37:29", "phone": "(607) 262-0880", "user": 1}}, {"pk": 2, "model": "marketing_site.goodcloudemployee", "fields": {"picture": "goodcloud_people/tom_goodcloud_centered.jpg", "bio": "Tom has worked with non-profit organizations of all sizes and functions in many different capacities:  as a managing director, mentor, project manager, volunteer, advisory board member, and consultant.  He\u2019s still actively working with <a href=\"http://www.teachforamerica.org\"/>Teach for America</a> after having served as a Corps Member and middle school teacher in Phoenix, AZ.\r\n\r\n<br/><br/>\r\nOriginally from Upstate New York and a graduate of Cornell University, Tom also has a Master\u2019s in Education from Arizona State University, and is currently working on his MBA.  Tom is a huge basketball fan and loves to cook.", "created_at": "2011-01-02 18:00:27", "modified_at": "2011-01-05 17:12:33", "phone": "315-427-5083", "user": 2}}, {"pk": 2, "model": "text.text", "fields": {"body": "\t<p>Welcome to GoodCloud.</p>\r\n\t<p>We make great software exclusively for non-profits.</p>\r\n\t\r\n\t<div class=\"more_info\">\r\n\t\r\n\t<p>We're in active development on our first product, collaborating with a handful of amazing non-profits.\r\n\t\t\r\n\t</p><p>You can find out more at <a href=\"/blog\">Our Blog</a>, or by signing up for our mailing list below. Thanks for stopping by!</p></div>", "cmsplugin_ptr": 2}}, {"pk": 1, "model": "text.text", "fields": {"body": "<h1>Non-profits deserve the best software in the world.</h1><p>There, we said it. Not hand-me-downs, not corporate products that don't fit, but a real solution designed around your needs and how you work. We started GoodCloud after watching first-hand some of our favorite non-profits struggle with a hodge-podge of programs. We heard stories of daily frustrations, and listened to organizations that were pouring hours into fighting with computers instead of their missions. We said, \"Enough with that!\", and we started GoodCloud to fix it.</p><h2>We \u2665 non-profits.</h2><p>We care deeply about you and your mission. You've made the decision to make the world a better place instead of making piles of money. We admire you. Non-profits are doing the biggest things to make the world a better place. We're thankful to have you in the world, and we want to help you thrive.</p><h2>We get non-profits.</h2><p>You're different. You're not a corporation. You're not a club. You're not a small business. We get that. Nobody else has to file Form 990's. Nobody else has to track volunteer hours. Non-profits are unique, living organizations with different needs and ways of working. &#160;We're building software just for you.</p><h2>We only serve non-profits.</h2><p>We're building you the best software in the world. But the cool part is, it's just for you. &#160;You can't use GoodCloud unless you're a non-profit. &#160;Run a big company, and want our cool people-tracking software? Tough. Colleague have a corporate web-site editor that's harder to use than GoodCloud's? Tell them we're sorry - maybe it'll get better in a few years. GoodCloud isn't the side project of a giant software maker, it's a small and nimble company that works exclusively with non-profits. &#160;We like it that way, and we think you will too.</p>", "cmsplugin_ptr": 1}}, {"pk": 3, "model": "text.text", "fields": {"body": "<h2>Say Hello!</h2><p>We're here to help. &#160;You can reach us any of the following ways:</p><p>&#160;&#160; Send an email to&#160;<a href=\"mailto:support@agoodcloud.org\">support@agoodcloud.org</a></p><p>&#160;&#160; Give us a call at (503) 308-1460</p>", "cmsplugin_ptr": 3}}, {"pk": 4, "model": "text.text", "fields": {"body": "<p>GoodCloud is currently a team of two people. We're the ones who answer your calls, add new features, and talk with you about your needs. &#160;Sounds a lot better than a call center halfway across the world, doesn't it?&#160;</p>", "cmsplugin_ptr": 4}}, {"pk": 4, "model": "email_list.emailsubscription", "fields": {"email": "foo@bar.com"}}, {"pk": 5, "model": "email_list.emailsubscription", "fields": {"email": "foo@bar.com"}}, {"pk": 6, "model": "email_list.emailsubscription", "fields": {"email": "foo@bar.com"}}, {"pk": 7, "model": "email_list.emailsubscription", "fields": {"email": "foo@bar.com"}}, {"pk": 8, "model": "email_list.emailsubscription", "fields": {"email": "foo@bar.com"}}, {"pk": 9, "model": "email_list.emailsubscription", "fields": {"email": "interested@great-nonprofit.org"}}, {"pk": 10, "model": "email_list.emailsubscription", "fields": {"email": "test@test.com"}}, {"pk": 11, "model": "email_list.emailsubscription", "fields": {"email": "test@test.com"}}, {"pk": 12, "model": "email_list.emailsubscription", "fields": {"email": "test@test.com"}}, {"pk": 13, "model": "email_list.emailsubscription", "fields": {"email": "interested@great-nonprofit.org"}}, {"pk": 1, "model": "email_list.emailsubscription", "fields": {"email": "test@test.com"}}, {"pk": 2, "model": "email_list.emailsubscription", "fields": {"email": "interested@great-nonprofit.org"}}, {"pk": 3, "model": "email_list.emailsubscription", "fields": {"email": "scovarrubias@intelecom.org"}}, {"pk": 22, "model": "auth.permission", "fields": {"codename": "add_logentry", "name": "Can add log entry", "content_type": 8}}, {"pk": 23, "model": "auth.permission", "fields": {"codename": "change_logentry", "name": "Can change log entry", "content_type": 8}}, {"pk": 24, "model": "auth.permission", "fields": {"codename": "delete_logentry", "name": "Can delete log entry", "content_type": 8}}, {"pk": 4, "model": "auth.permission", "fields": {"codename": "add_group", "name": "Can add group", "content_type": 2}}, {"pk": 5, "model": "auth.permission", "fields": {"codename": "change_group", "name": "Can change group", "content_type": 2}}, {"pk": 6, "model": "auth.permission", "fields": {"codename": "delete_group", "name": "Can delete group", "content_type": 2}}, {"pk": 10, "model": "auth.permission", "fields": {"codename": "add_message", "name": "Can add message", "content_type": 4}}, {"pk": 11, "model": "auth.permission", "fields": {"codename": "change_message", "name": "Can change message", "content_type": 4}}, {"pk": 12, "model": "auth.permission", "fields": {"codename": "delete_message", "name": "Can delete message", "content_type": 4}}, {"pk": 1, "model": "auth.permission", "fields": {"codename": "add_permission", "name": "Can add permission", "content_type": 1}}, {"pk": 2, "model": "auth.permission", "fields": {"codename": "change_permission", "name": "Can change permission", "content_type": 1}}, {"pk": 3, "model": "auth.permission", "fields": {"codename": "delete_permission", "name": "Can delete permission", "content_type": 1}}, {"pk": 7, "model": "auth.permission", "fields": {"codename": "add_user", "name": "Can add user", "content_type": 3}}, {"pk": 8, "model": "auth.permission", "fields": {"codename": "change_user", "name": "Can change user", "content_type": 3}}, {"pk": 9, "model": "auth.permission", "fields": {"codename": "delete_user", "name": "Can delete user", "content_type": 3}}, {"pk": 73, "model": "auth.permission", "fields": {"codename": "add_globalpagepermission", "name": "Can add Page global permission", "content_type": 25}}, {"pk": 74, "model": "auth.permission", "fields": {"codename": "change_globalpagepermission", "name": "Can change Page global permission", "content_type": 25}}, {"pk": 75, "model": "auth.permission", "fields": {"codename": "delete_globalpagepermission", "name": "Can delete Page global permission", "content_type": 25}}, {"pk": 61, "model": "auth.permission", "fields": {"codename": "add_placeholder", "name": "Can add placeholder", "content_type": 21}}, {"pk": 62, "model": "auth.permission", "fields": {"codename": "change_placeholder", "name": "Can change placeholder", "content_type": 21}}, {"pk": 63, "model": "auth.permission", "fields": {"codename": "delete_placeholder", "name": "Can delete placeholder", "content_type": 21}}, {"pk": 52, "model": "auth.permission", "fields": {"codename": "add_formlog", "name": "Can add Form log", "content_type": 18}}, {"pk": 53, "model": "auth.permission", "fields": {"codename": "change_formlog", "name": "Can change Form log", "content_type": 18}}, {"pk": 54, "model": "auth.permission", "fields": {"codename": "delete_formlog", "name": "Can delete Form log", "content_type": 18}}, {"pk": 55, "model": "auth.permission", "fields": {"codename": "add_formdefinitionfield", "name": "Can add Field", "content_type": 19}}, {"pk": 56, "model": "auth.permission", "fields": {"codename": "change_formdefinitionfield", "name": "Can change Field", "content_type": 19}}, {"pk": 57, "model": "auth.permission", "fields": {"codename": "delete_formdefinitionfield", "name": "Can delete Field", "content_type": 19}}, {"pk": 58, "model": "auth.permission", "fields": {"codename": "add_cmsformdefinition", "name": "Can add cms form definition", "content_type": 20}}, {"pk": 59, "model": "auth.permission", "fields": {"codename": "change_cmsformdefinition", "name": "Can change cms form definition", "content_type": 20}}, {"pk": 60, "model": "auth.permission", "fields": {"codename": "delete_cmsformdefinition", "name": "Can delete cms form definition", "content_type": 20}}, {"pk": 64, "model": "auth.permission", "fields": {"codename": "add_page", "name": "Can add page", "content_type": 22}}, {"pk": 65, "model": "auth.permission", "fields": {"codename": "change_page", "name": "Can change page", "content_type": 22}}, {"pk": 66, "model": "auth.permission", "fields": {"codename": "delete_page", "name": "Can delete page", "content_type": 22}}, {"pk": 67, "model": "auth.permission", "fields": {"codename": "add_pagemoderator", "name": "Can add PageModerator", "content_type": 23}}, {"pk": 68, "model": "auth.permission", "fields": {"codename": "change_pagemoderator", "name": "Can change PageModerator", "content_type": 23}}, {"pk": 69, "model": "auth.permission", "fields": {"codename": "delete_pagemoderator", "name": "Can delete PageModerator", "content_type": 23}}, {"pk": 70, "model": "auth.permission", "fields": {"codename": "add_pagemoderatorstate", "name": "Can add Page moderator state", "content_type": 24}}, {"pk": 71, "model": "auth.permission", "fields": {"codename": "change_pagemoderatorstate", "name": "Can change Page moderator state", "content_type": 24}}, {"pk": 72, "model": "auth.permission", "fields": {"codename": "delete_pagemoderatorstate", "name": "Can delete Page moderator state", "content_type": 24}}, {"pk": 49, "model": "auth.permission", "fields": {"codename": "add_formdefinition", "name": "Can add Form", "content_type": 17}}, {"pk": 50, "model": "auth.permission", "fields": {"codename": "change_formdefinition", "name": "Can change Form", "content_type": 17}}, {"pk": 51, "model": "auth.permission", "fields": {"codename": "delete_formdefinition", "name": "Can delete Form", "content_type": 17}}, {"pk": 76, "model": "auth.permission", "fields": {"codename": "add_pagepermission", "name": "Can add Page permission", "content_type": 26}}, {"pk": 77, "model": "auth.permission", "fields": {"codename": "change_pagepermission", "name": "Can change Page permission", "content_type": 26}}, {"pk": 78, "model": "auth.permission", "fields": {"codename": "delete_pagepermission", "name": "Can delete Page permission", "content_type": 26}}, {"pk": 13, "model": "auth.permission", "fields": {"codename": "add_contenttype", "name": "Can add content type", "content_type": 5}}, {"pk": 14, "model": "auth.permission", "fields": {"codename": "change_contenttype", "name": "Can change content type", "content_type": 5}}, {"pk": 15, "model": "auth.permission", "fields": {"codename": "delete_contenttype", "name": "Can delete content type", "content_type": 5}}, {"pk": 28, "model": "auth.permission", "fields": {"codename": "add_emailsubscription", "name": "Can add email subscription", "content_type": 10}}, {"pk": 29, "model": "auth.permission", "fields": {"codename": "change_emailsubscription", "name": "Can change email subscription", "content_type": 10}}, {"pk": 30, "model": "auth.permission", "fields": {"codename": "delete_emailsubscription", "name": "Can delete email subscription", "content_type": 10}}, {"pk": 97, "model": "auth.permission", "fields": {"codename": "add_snippet", "name": "Can add Snippet", "content_type": 33}}, {"pk": 98, "model": "auth.permission", "fields": {"codename": "change_snippet", "name": "Can change Snippet", "content_type": 33}}, {"pk": 99, "model": "auth.permission", "fields": {"codename": "delete_snippet", "name": "Can delete Snippet", "content_type": 33}}, {"pk": 130, "model": "auth.permission", "fields": {"codename": "add_cmsformdefinition", "name": "Can add cms form definition", "content_type": 39}}, {"pk": 115, "model": "auth.permission", "fields": {"codename": "add_kvstore", "name": "Can add kv store", "content_type": 39}}, {"pk": 131, "model": "auth.permission", "fields": {"codename": "change_cmsformdefinition", "name": "Can change cms form definition", "content_type": 39}}, {"pk": 116, "model": "auth.permission", "fields": {"codename": "change_kvstore", "name": "Can change kv store", "content_type": 39}}, {"pk": 132, "model": "auth.permission", "fields": {"codename": "delete_cmsformdefinition", "name": "Can delete cms form definition", "content_type": 39}}, {"pk": 117, "model": "auth.permission", "fields": {"codename": "delete_kvstore", "name": "Can delete kv store", "content_type": 39}}, {"pk": 121, "model": "auth.permission", "fields": {"codename": "add_formdefinition", "name": "Can add Form", "content_type": 36}}, {"pk": 106, "model": "auth.permission", "fields": {"codename": "add_googlemap", "name": "Can add google map", "content_type": 36}}, {"pk": 122, "model": "auth.permission", "fields": {"codename": "change_formdefinition", "name": "Can change Form", "content_type": 36}}, {"pk": 107, "model": "auth.permission", "fields": {"codename": "change_googlemap", "name": "Can change google map", "content_type": 36}}, {"pk": 123, "model": "auth.permission", "fields": {"codename": "delete_formdefinition", "name": "Can delete Form", "content_type": 36}}, {"pk": 108, "model": "auth.permission", "fields": {"codename": "delete_googlemap", "name": "Can delete google map", "content_type": 36}}, {"pk": 127, "model": "auth.permission", "fields": {"codename": "add_formdefinitionfield", "name": "Can add Field", "content_type": 38}}, {"pk": 112, "model": "auth.permission", "fields": {"codename": "add_goodcloudemployee", "name": "Can add good cloud employee", "content_type": 38}}, {"pk": 128, "model": "auth.permission", "fields": {"codename": "change_formdefinitionfield", "name": "Can change Field", "content_type": 38}}, {"pk": 113, "model": "auth.permission", "fields": {"codename": "change_goodcloudemployee", "name": "Can change good cloud employee", "content_type": 38}}, {"pk": 129, "model": "auth.permission", "fields": {"codename": "delete_formdefinitionfield", "name": "Can delete Field", "content_type": 38}}, {"pk": 114, "model": "auth.permission", "fields": {"codename": "delete_goodcloudemployee", "name": "Can delete good cloud employee", "content_type": 38}}, {"pk": 109, "model": "auth.permission", "fields": {"codename": "add_file", "name": "Can add file", "content_type": 37}}, {"pk": 124, "model": "auth.permission", "fields": {"codename": "add_formlog", "name": "Can add Form log", "content_type": 37}}, {"pk": 110, "model": "auth.permission", "fields": {"codename": "change_file", "name": "Can change file", "content_type": 37}}, {"pk": 125, "model": "auth.permission", "fields": {"codename": "change_formlog", "name": "Can change Form log", "content_type": 37}}, {"pk": 111, "model": "auth.permission", "fields": {"codename": "delete_file", "name": "Can delete file", "content_type": 37}}, {"pk": 126, "model": "auth.permission", "fields": {"codename": "delete_formlog", "name": "Can delete Form log", "content_type": 37}}, {"pk": 25, "model": "auth.permission", "fields": {"codename": "add_analytics", "name": "Can add analytics", "content_type": 9}}, {"pk": 26, "model": "auth.permission", "fields": {"codename": "change_analytics", "name": "Can change analytics", "content_type": 9}}, {"pk": 27, "model": "auth.permission", "fields": {"codename": "delete_analytics", "name": "Can delete analytics", "content_type": 9}}, {"pk": 94, "model": "auth.permission", "fields": {"codename": "add_text", "name": "Can add text", "content_type": 32}}, {"pk": 95, "model": "auth.permission", "fields": {"codename": "change_text", "name": "Can change text", "content_type": 32}}, {"pk": 96, "model": "auth.permission", "fields": {"codename": "delete_text", "name": "Can delete text", "content_type": 32}}, {"pk": 91, "model": "auth.permission", "fields": {"codename": "add_picture", "name": "Can add picture", "content_type": 31}}, {"pk": 92, "model": "auth.permission", "fields": {"codename": "change_picture", "name": "Can change picture", "content_type": 31}}, {"pk": 93, "model": "auth.permission", "fields": {"codename": "delete_picture", "name": "Can delete picture", "content_type": 31}}, {"pk": 100, "model": "auth.permission", "fields": {"codename": "add_snippetptr", "name": "Can add Snippet", "content_type": 34}}, {"pk": 101, "model": "auth.permission", "fields": {"codename": "change_snippetptr", "name": "Can change Snippet", "content_type": 34}}, {"pk": 102, "model": "auth.permission", "fields": {"codename": "delete_snippetptr", "name": "Can delete Snippet", "content_type": 34}}, {"pk": 46, "model": "auth.permission", "fields": {"codename": "add_address", "name": "Can add address", "content_type": 16}}, {"pk": 47, "model": "auth.permission", "fields": {"codename": "change_address", "name": "Can change address", "content_type": 16}}, {"pk": 48, "model": "auth.permission", "fields": {"codename": "delete_address", "name": "Can delete address", "content_type": 16}}, {"pk": 37, "model": "auth.permission", "fields": {"codename": "add_contactmethodtype", "name": "Can add contact method type", "content_type": 13}}, {"pk": 38, "model": "auth.permission", "fields": {"codename": "change_contactmethodtype", "name": "Can change contact method type", "content_type": 13}}, {"pk": 39, "model": "auth.permission", "fields": {"codename": "delete_contactmethodtype", "name": "Can delete contact method type", "content_type": 13}}, {"pk": 40, "model": "auth.permission", "fields": {"codename": "add_emailaddress", "name": "Can add email address", "content_type": 14}}, {"pk": 41, "model": "auth.permission", "fields": {"codename": "change_emailaddress", "name": "Can change email address", "content_type": 14}}, {"pk": 42, "model": "auth.permission", "fields": {"codename": "delete_emailaddress", "name": "Can delete email address", "content_type": 14}}, {"pk": 34, "model": "auth.permission", "fields": {"codename": "add_person", "name": "Can add person", "content_type": 12}}, {"pk": 35, "model": "auth.permission", "fields": {"codename": "change_person", "name": "Can change person", "content_type": 12}}, {"pk": 36, "model": "auth.permission", "fields": {"codename": "delete_person", "name": "Can delete person", "content_type": 12}}, {"pk": 43, "model": "auth.permission", "fields": {"codename": "add_phonenumber", "name": "Can add phone number", "content_type": 15}}, {"pk": 44, "model": "auth.permission", "fields": {"codename": "change_phonenumber", "name": "Can change phone number", "content_type": 15}}, {"pk": 45, "model": "auth.permission", "fields": {"codename": "delete_phonenumber", "name": "Can delete phone number", "content_type": 15}}, {"pk": 79, "model": "auth.permission", "fields": {"codename": "add_pageuser", "name": "Can add User (page)", "content_type": 27}}, {"pk": 80, "model": "auth.permission", "fields": {"codename": "change_pageuser", "name": "Can change User (page)", "content_type": 27}}, {"pk": 81, "model": "auth.permission", "fields": {"codename": "delete_pageuser", "name": "Can delete User (page)", "content_type": 27}}, {"pk": 16, "model": "auth.permission", "fields": {"codename": "add_session", "name": "Can add session", "content_type": 6}}, {"pk": 17, "model": "auth.permission", "fields": {"codename": "change_session", "name": "Can change session", "content_type": 6}}, {"pk": 18, "model": "auth.permission", "fields": {"codename": "delete_session", "name": "Can delete session", "content_type": 6}}, {"pk": 19, "model": "auth.permission", "fields": {"codename": "add_site", "name": "Can add site", "content_type": 7}}, {"pk": 20, "model": "auth.permission", "fields": {"codename": "change_site", "name": "Can change site", "content_type": 7}}, {"pk": 21, "model": "auth.permission", "fields": {"codename": "delete_site", "name": "Can delete site", "content_type": 7}}, {"pk": 85, "model": "auth.permission", "fields": {"codename": "add_cmsplugin", "name": "Can add cms plugin", "content_type": 29}}, {"pk": 86, "model": "auth.permission", "fields": {"codename": "change_cmsplugin", "name": "Can change cms plugin", "content_type": 29}}, {"pk": 87, "model": "auth.permission", "fields": {"codename": "delete_cmsplugin", "name": "Can delete cms plugin", "content_type": 29}}, {"pk": 88, "model": "auth.permission", "fields": {"codename": "add_title", "name": "Can add title", "content_type": 30}}, {"pk": 89, "model": "auth.permission", "fields": {"codename": "change_title", "name": "Can change title", "content_type": 30}}, {"pk": 90, "model": "auth.permission", "fields": {"codename": "delete_title", "name": "Can delete title", "content_type": 30}}, {"pk": 31, "model": "auth.permission", "fields": {"codename": "add_migrationhistory", "name": "Can add migration history", "content_type": 11}}, {"pk": 32, "model": "auth.permission", "fields": {"codename": "change_migrationhistory", "name": "Can change migration history", "content_type": 11}}, {"pk": 33, "model": "auth.permission", "fields": {"codename": "delete_migrationhistory", "name": "Can delete migration history", "content_type": 11}}, {"pk": 82, "model": "auth.permission", "fields": {"codename": "add_pageusergroup", "name": "Can add User group (page)", "content_type": 28}}, {"pk": 83, "model": "auth.permission", "fields": {"codename": "change_pageusergroup", "name": "Can change User group (page)", "content_type": 28}}, {"pk": 84, "model": "auth.permission", "fields": {"codename": "delete_pageusergroup", "name": "Can delete User group (page)", "content_type": 28}}, {"pk": 118, "model": "auth.permission", "fields": {"codename": "add_kvstore", "name": "Can add kv store", "content_type": 35}}, {"pk": 103, "model": "auth.permission", "fields": {"codename": "add_link", "name": "Can add link", "content_type": 35}}, {"pk": 119, "model": "auth.permission", "fields": {"codename": "change_kvstore", "name": "Can change kv store", "content_type": 35}}, {"pk": 104, "model": "auth.permission", "fields": {"codename": "change_link", "name": "Can change link", "content_type": 35}}, {"pk": 120, "model": "auth.permission", "fields": {"codename": "delete_kvstore", "name": "Can delete kv store", "content_type": 35}}, {"pk": 105, "model": "auth.permission", "fields": {"codename": "delete_link", "name": "Can delete link", "content_type": 35}}, {"pk": 2, "model": "auth.user", "fields": {"username": "tom", "first_name": "Tom", "last_name": "Noble", "is_active": true, "is_superuser": true, "is_staff": true, "last_login": "2011-01-02 22:35:05", "groups": [], "user_permissions": [], "password": "sha1$5c25a$73dd57af39282297af96401727a21c688627589b", "email": "tom@agoodcloud.com", "date_joined": "2011-01-02 16:34:17"}}, {"pk": 1, "model": "auth.user", "fields": {"username": "skoczen", "first_name": "Steven", "last_name": "Skoczen", "is_active": true, "is_superuser": true, "is_staff": true, "last_login": "2011-01-17 23:48:42", "groups": [], "user_permissions": [], "password": "sha1$b0b41$1f2e1ce85f7542bcc4cea40745fdac88d0aac329", "email": "steven@agoodcloud.com", "date_joined": "2010-12-05 17:10:56"}}]